{"cameraMode":{"drawMode":0,"name":"Shaded","section":"Shading Mode"},"sceneLighting":false,"audioPlay":false,"sceneViewState":{"showFog":true,"showMaterialUpdate":false,"showSkybox":false,"showFlares":true,"showImageEffects":true,"showParticleSystems":true},"in2DMode":false,"pivot":{"x":-11.676240921020508,"y":0.7777383923530579,"z":-5.344146728515625},"rotation":{"x":0.028833791613578798,"y":-0.9551010131835938,"z":0.09922129660844803,"w":0.2779775559902191},"size":1.5586130619049073,"orthographic":false}