{"cameraMode":{"drawMode":0,"name":"Shaded","section":"Shading Mode"},"sceneLighting":true,"audioPlay":false,"sceneViewState":{"showFog":true,"showMaterialUpdate":false,"showSkybox":true,"showFlares":true,"showImageEffects":true,"showParticleSystems":true},"in2DMode":false,"pivot":{"x":12.42841911315918,"y":3.886451482772827,"z":-1.229386329650879},"rotation":{"x":0.3768657445907593,"y":0.5052493214607239,"z":-0.26001426577568056,"w":0.731721818447113},"size":4.704139709472656,"orthographic":false}