{"cameraMode":{"drawMode":0,"name":"Shaded","section":"Shading Mode"},"sceneLighting":false,"audioPlay":false,"sceneViewState":{"showFog":true,"showMaterialUpdate":false,"showSkybox":false,"showFlares":true,"showImageEffects":true,"showParticleSystems":true},"in2DMode":false,"pivot":{"x":7.778999328613281,"y":1.0260000228881837,"z":17.31800079345703},"rotation":{"x":0.1338905394077301,"y":0.709471583366394,"z":-0.14010681211948396,"w":0.677772581577301},"size":1.8287557363510132,"orthographic":false}