{"cameraMode":{"drawMode":0,"name":"Shaded","section":"Shading Mode"},"sceneLighting":true,"audioPlay":false,"sceneViewState":{"showFog":true,"showMaterialUpdate":false,"showSkybox":true,"showFlares":true,"showImageEffects":true,"showParticleSystems":true},"in2DMode":false,"pivot":{"x":-11.739233016967774,"y":2.490445852279663,"z":-9.317904472351075},"rotation":{"x":-0.18131522834300996,"y":0.5880125164985657,"z":-0.13740554451942445,"w":-0.7762375473976135},"size":1.7106175422668458,"orthographic":false}