{"cameraMode":{"drawMode":0,"name":"Shaded","section":"Shading Mode"},"sceneLighting":true,"audioPlay":false,"sceneViewState":{"showFog":true,"showMaterialUpdate":false,"showSkybox":true,"showFlares":true,"showImageEffects":true,"showParticleSystems":true},"in2DMode":false,"pivot":{"x":-0.2300177961587906,"y":1.034000039100647,"z":-6.415488243103027},"rotation":{"x":-0.007223968394100666,"y":0.9577149748802185,"z":-0.022260848432779313,"w":-0.28718623518943789},"size":12.511115074157715,"orthographic":false}